timestamp,open,high,low,close,volume,close_time,quote_asset_volume,trades,taker_buy_base,taker_buy_quote,ignore,timestamp_local
2025-10-24 00:00:00+00:00,3858.6,3861.59,3852.62,3856.29,431.2455,2025-10-24 02:04:59.999000+02:00,1663261.08971500,1422,177.12630000,683067.57665100,0,2025-10-24 02:00:00+02:00
2025-10-24 00:05:00+00:00,3856.2,3856.2,3849.74,3852.9,181.8262,2025-10-24 02:09:59.999000+02:00,700454.96482800,1009,71.36770000,274857.88019700,0,2025-10-24 02:05:00+02:00
2025-10-24 00:10:00+00:00,3852.97,3862.12,3849.6,3857.88,407.7972,2025-10-24 02:14:59.999000+02:00,1573237.48240200,1538,230.97610000,891156.81942700,0,2025-10-24 02:10:00+02:00
2025-10-24 00:15:00+00:00,3857.76,3864.31,3852.11,3862.8,274.6425,2025-10-24 02:19:59.999000+02:00,1059709.33122000,1607,186.61240000,719977.70759200,0,2025-10-24 02:15:00+02:00
2025-10-24 00:20:00+00:00,3863.03,3864.87,3853.68,3855.72,237.9987,2025-10-24 02:24:59.999000+02:00,918485.97746000,1236,112.52120000,434264.25648800,0,2025-10-24 02:20:00+02:00
2025-10-24 00:25:00+00:00,3855.72,3856.19,3849.72,3850.71,260.9458,2025-10-24 02:29:59.999000+02:00,1005254.35600000,1058,118.56840000,456686.16301600,0,2025-10-24 02:25:00+02:00
2025-10-24 00:30:00+00:00,3850.72,3857.56,3847.5,3856.8,214.8828,2025-10-24 02:34:59.999000+02:00,827419.14097600,1261,73.95590000,284788.92741200,0,2025-10-24 02:30:00+02:00
2025-10-24 00:35:00+00:00,3857.04,3863.51,3855.0,3861.84,215.2661,2025-10-24 02:39:59.999000+02:00,830875.70727700,1086,113.06930000,436366.61046100,0,2025-10-24 02:35:00+02:00
2025-10-24 00:40:00+00:00,3861.73,3868.35,3861.49,3863.76,379.1265,2025-10-24 02:44:59.999000+02:00,1465581.37821100,1627,226.18730000,874344.81616300,0,2025-10-24 02:40:00+02:00
2025-10-24 00:45:00+00:00,3863.76,3870.61,3863.76,3869.28,220.2592,2025-10-24 02:49:59.999000+02:00,852121.52915200,1644,128.72350000,498040.95728200,0,2025-10-24 02:45:00+02:00
2025-10-24 00:50:00+00:00,3869.27,3878.67,3868.09,3873.59,867.748,2025-10-24 02:54:59.999000+02:00,3361755.99619400,2810,599.83460000,2323829.61333300,0,2025-10-24 02:50:00+02:00
2025-10-24 00:55:00+00:00,3873.33,3875.4,3869.41,3869.41,187.5503,2025-10-24 02:59:59.999000+02:00,726278.12547300,1102,51.95260000,201109.29288600,0,2025-10-24 02:55:00+02:00
2025-10-24 01:00:00+00:00,3869.41,3877.31,3869.41,3876.59,188.4759,2025-10-24 03:04:59.999000+02:00,730065.43259800,2085,110.44690000,427803.08584700,0,2025-10-24 03:00:00+02:00
2025-10-24 01:05:00+00:00,3876.66,3877.29,3872.16,3874.81,137.9514,2025-10-24 03:09:59.999000+02:00,534504.85827500,1832,65.86660000,255204.92594800,0,2025-10-24 03:05:00+02:00
2025-10-24 01:10:00+00:00,3874.8,3877.39,3872.41,3875.16,257.7354,2025-10-24 03:14:59.999000+02:00,998734.87293300,1776,103.37940000,400577.73306800,0,2025-10-24 03:10:00+02:00
2025-10-24 01:15:00+00:00,3875.24,3875.62,3868.84,3872.18,224.1898,2025-10-24 03:19:59.999000+02:00,867981.03237400,1841,62.52630000,242037.72995500,0,2025-10-24 03:15:00+02:00
2025-10-24 01:20:00+00:00,3872.05,3873.13,3868.01,3868.44,122.5546,2025-10-24 03:24:59.999000+02:00,474362.99476400,1484,49.23500000,190556.92925800,0,2025-10-24 03:20:00+02:00
2025-10-24 01:25:00+00:00,3868.2,3869.08,3859.53,3863.18,386.9647,2025-10-24 03:29:59.999000+02:00,1494967.80486100,1580,88.76230000,342904.41222300,0,2025-10-24 03:25:00+02:00
2025-10-24 01:30:00+00:00,3863.33,3868.21,3862.26,3867.34,93.5748,2025-10-24 03:34:59.999000+02:00,361713.84251600,1599,54.61280000,211081.96373900,0,2025-10-24 03:30:00+02:00
2025-10-24 01:35:00+00:00,3867.35,3874.4,3865.9,3874.32,259.0757,2025-10-24 03:39:59.999000+02:00,1002646.93918900,1587,177.01340000,685148.08922100,0,2025-10-24 03:35:00+02:00
2025-10-24 01:40:00+00:00,3874.32,3878.4,3874.32,3878.11,171.2916,2025-10-24 03:44:59.999000+02:00,664056.37978500,830,152.19310000,590031.47894000,0,2025-10-24 03:40:00+02:00
2025-10-24 01:45:00+00:00,3878.1,3884.8,3877.42,3878.15,352.5699,2025-10-24 03:49:59.999000+02:00,1368496.21596400,1889,215.08060000,834900.48481700,0,2025-10-24 03:45:00+02:00
2025-10-24 01:50:00+00:00,3878.15,3884.68,3878.15,3880.96,154.974,2025-10-24 03:54:59.999000+02:00,601633.19090500,963,116.83380000,453576.19995100,0,2025-10-24 03:50:00+02:00
2025-10-24 01:55:00+00:00,3881.3,3883.79,3880.4,3883.05,182.9303,2025-10-24 03:59:59.999000+02:00,710186.70548000,597,121.44420000,471473.91744000,0,2025-10-24 03:55:00+02:00
2025-10-24 02:00:00+00:00,3883.04,3884.92,3878.97,3880.2,151.9437,2025-10-24 04:04:59.999000+02:00,589747.23046300,1224,71.36640000,276982.48159300,0,2025-10-24 04:00:00+02:00
2025-10-24 02:05:00+00:00,3880.2,3881.18,3878.53,3879.85,137.9458,2025-10-24 04:09:59.999000+02:00,535319.50641900,747,42.34530000,164308.34783800,0,2025-10-24 04:05:00+02:00
2025-10-24 02:10:00+00:00,3879.84,3880.07,3877.45,3878.52,64.4021,2025-10-24 04:14:59.999000+02:00,249797.57675200,733,10.90000000,42274.54304100,0,2025-10-24 04:10:00+02:00
2025-10-24 02:15:00+00:00,3878.6,3884.39,3876.64,3876.68,194.793,2025-10-24 04:19:59.999000+02:00,755997.12066400,1382,57.52020000,223233.28336000,0,2025-10-24 04:15:00+02:00
2025-10-24 02:20:00+00:00,3876.66,3878.19,3872.3,3872.99,112.5288,2025-10-24 04:24:59.999000+02:00,436123.62456900,926,33.74450000,130774.82563600,0,2025-10-24 04:20:00+02:00
2025-10-24 02:25:00+00:00,3873.06,3878.1,3872.34,3877.0,76.9393,2025-10-24 04:29:59.999000+02:00,298178.66400100,1003,58.29380000,225917.54860900,0,2025-10-24 04:25:00+02:00
2025-10-24 02:30:00+00:00,3877.15,3888.14,3877.15,3883.75,306.4591,2025-10-24 04:34:59.999000+02:00,1189993.08815700,1697,200.16550000,777259.42746200,0,2025-10-24 04:30:00+02:00
2025-10-24 02:35:00+00:00,3883.78,3889.54,3879.37,3879.37,344.9887,2025-10-24 04:39:59.999000+02:00,1340588.82077500,1523,140.60560000,546546.30090300,0,2025-10-24 04:35:00+02:00
2025-10-24 02:40:00+00:00,3879.38,3889.91,3879.38,3889.41,196.1298,2025-10-24 04:44:59.999000+02:00,762150.00995900,1325,136.37000000,529845.02353400,0,2025-10-24 04:40:00+02:00
2025-10-24 02:45:00+00:00,3889.4,3891.22,3885.95,3887.44,269.1083,2025-10-24 04:49:59.999000+02:00,1046548.98277600,1545,130.22800000,506515.07836100,0,2025-10-24 04:45:00+02:00
2025-10-24 02:50:00+00:00,3887.45,3895.37,3887.3,3895.22,206.65,2025-10-24 04:54:59.999000+02:00,804034.10715700,1334,137.43810000,534853.58328600,0,2025-10-24 04:50:00+02:00
2025-10-24 02:55:00+00:00,3895.22,3897.64,3890.64,3890.64,427.5858,2025-10-24 04:59:59.999000+02:00,1665353.14681100,1811,273.27930000,1064432.44335300,0,2025-10-24 04:55:00+02:00
2025-10-24 03:00:00+00:00,3890.62,3893.91,3884.14,3884.88,405.561,2025-10-24 05:04:59.999000+02:00,1577017.43989200,1807,131.79490000,512478.11832800,0,2025-10-24 05:00:00+02:00
2025-10-24 03:05:00+00:00,3884.9,3886.19,3883.71,3885.69,56.4147,2025-10-24 05:09:59.999000+02:00,219147.35079900,859,11.21550000,43573.26268400,0,2025-10-24 05:05:00+02:00
2025-10-24 03:10:00+00:00,3885.72,3891.95,3885.0,3886.75,214.3914,2025-10-24 05:14:59.999000+02:00,833599.01886300,839,155.88570000,606049.91310100,0,2025-10-24 05:10:00+02:00
2025-10-24 03:15:00+00:00,3886.74,3890.19,3884.88,3889.11,58.2199,2025-10-24 05:19:59.999000+02:00,226317.07454900,801,17.81530000,69257.92738000,0,2025-10-24 05:15:00+02:00
2025-10-24 03:20:00+00:00,3889.14,3892.31,3888.76,3890.76,63.4279,2025-10-24 05:24:59.999000+02:00,246743.27959700,814,41.09120000,159846.81001500,0,2025-10-24 05:20:00+02:00
2025-10-24 03:25:00+00:00,3890.75,3891.74,3887.18,3887.52,84.3587,2025-10-24 05:29:59.999000+02:00,328077.79573300,855,30.11270000,117110.95908400,0,2025-10-24 05:25:00+02:00
2025-10-24 03:30:00+00:00,3887.51,3887.51,3882.38,3882.7,205.0166,2025-10-24 05:34:59.999000+02:00,796452.80076200,1378,52.00180000,201996.52601500,0,2025-10-24 05:30:00+02:00
2025-10-24 03:35:00+00:00,3882.7,3885.96,3882.04,3883.68,90.792,2025-10-24 05:39:59.999000+02:00,352592.72614600,813,53.01990000,205882.11222700,0,2025-10-24 05:35:00+02:00
2025-10-24 03:40:00+00:00,3883.76,3887.19,3882.27,3885.54,275.7634,2025-10-24 05:44:59.999000+02:00,1071216.32078900,1221,80.80790000,313908.76428000,0,2025-10-24 05:40:00+02:00
2025-10-24 03:45:00+00:00,3885.45,3885.94,3881.7,3881.7,238.7884,2025-10-24 05:49:59.999000+02:00,927312.36807200,1321,87.58080000,340047.22006800,0,2025-10-24 05:45:00+02:00
2025-10-24 03:50:00+00:00,3881.71,3889.35,3880.03,3888.68,211.7086,2025-10-24 05:54:59.999000+02:00,822438.87723400,1014,151.05630000,586856.61192500,0,2025-10-24 05:50:00+02:00
2025-10-24 03:55:00+00:00,3888.8,3893.65,3888.8,3892.7,187.8973,2025-10-24 05:59:59.999000+02:00,731214.98269600,875,118.26640000,460180.91495400,0,2025-10-24 05:55:00+02:00
2025-10-24 04:00:00+00:00,3892.45,3892.45,3887.56,3890.23,71.2082,2025-10-24 06:04:59.999000+02:00,277004.14039000,1116,39.32690000,152983.98497400,0,2025-10-24 06:00:00+02:00
2025-10-24 04:05:00+00:00,3890.11,3897.25,3889.1,3894.86,311.0211,2025-10-24 06:09:59.999000+02:00,1211382.35639700,1325,244.69580000,953051.18606800,0,2025-10-24 06:05:00+02:00
2025-10-24 04:10:00+00:00,3894.86,3901.14,3894.46,3900.45,309.0712,2025-10-24 06:14:59.999000+02:00,1204964.49402200,2092,271.11500000,1056973.72473800,0,2025-10-24 06:10:00+02:00
2025-10-24 04:15:00+00:00,3900.54,3909.93,3898.8,3899.2,570.0162,2025-10-24 06:19:59.999000+02:00,2224953.98689000,2514,315.38680000,1231385.57459800,0,2025-10-24 06:15:00+02:00
2025-10-24 04:20:00+00:00,3899.31,3914.3,3899.31,3910.75,677.2472,2025-10-24 06:24:59.999000+02:00,2647213.77889900,2304,512.95870000,2004863.90393900,0,2025-10-24 06:20:00+02:00
2025-10-24 04:25:00+00:00,3910.7,3921.89,3909.2,3919.88,720.5531,2025-10-24 06:29:59.999000+02:00,2822635.65413300,2877,477.76890000,1871526.51634000,0,2025-10-24 06:25:00+02:00
2025-10-24 04:30:00+00:00,3919.88,3961.96,3919.81,3953.24,3477.9433,2025-10-24 06:34:59.999000+02:00,13708878.27967500,10524,2459.52630000,9691782.59795400,0,2025-10-24 06:30:00+02:00
2025-10-24 04:35:00+00:00,3953.24,3957.36,3946.52,3950.13,878.096,2025-10-24 06:39:59.999000+02:00,3469257.12221000,3091,378.40250000,1495124.84406100,0,2025-10-24 06:35:00+02:00
2025-10-24 04:40:00+00:00,3949.99,3968.67,3947.85,3964.33,1086.9089,2025-10-24 06:44:59.999000+02:00,4304146.26303100,4701,592.03080000,2344286.40499800,0,2025-10-24 06:40:00+02:00
2025-10-24 04:45:00+00:00,3964.33,3975.69,3959.76,3964.08,1067.5837,2025-10-24 06:49:59.999000+02:00,4234588.64395700,4235,585.88320000,2323993.96951300,0,2025-10-24 06:45:00+02:00
2025-10-24 04:50:00+00:00,3964.18,3977.35,3964.17,3976.2,776.0163,2025-10-24 06:54:59.999000+02:00,3082044.36765200,3408,463.22610000,1839766.33258200,0,2025-10-24 06:50:00+02:00
2025-10-24 04:55:00+00:00,3976.2,3981.0,3974.04,3975.78,717.5229,2025-10-24 06:59:59.999000+02:00,2853724.64528500,3221,371.56060000,1477815.48820500,0,2025-10-24 06:55:00+02:00
2025-10-24 05:00:00+00:00,3975.65,3978.51,3958.25,3960.89,1251.3659,2025-10-24 07:04:59.999000+02:00,4962025.63187300,3724,360.73390000,1430272.32741900,0,2025-10-24 07:00:00+02:00
2025-10-24 05:05:00+00:00,3960.9,3977.58,3959.3,3974.52,738.4633,2025-10-24 07:09:59.999000+02:00,2931610.88559700,2431,518.02930000,2056699.62670300,0,2025-10-24 07:05:00+02:00
2025-10-24 05:10:00+00:00,3974.5,3975.99,3967.68,3970.85,385.9736,2025-10-24 07:14:59.999000+02:00,1532720.24910700,1803,92.55590000,367531.98397300,0,2025-10-24 07:10:00+02:00
2025-10-24 05:15:00+00:00,3970.85,3973.5,3966.6,3966.6,278.2731,2025-10-24 07:19:59.999000+02:00,1104342.22914900,2036,83.61080000,331831.59658000,0,2025-10-24 07:15:00+02:00
2025-10-24 05:20:00+00:00,3966.55,3966.71,3960.29,3964.2,434.1609,2025-10-24 07:24:59.999000+02:00,1721104.71989900,2033,164.91200000,653771.62113600,0,2025-10-24 07:20:00+02:00
2025-10-24 05:25:00+00:00,3964.1,3969.87,3962.94,3969.82,392.2085,2025-10-24 07:29:59.999000+02:00,1555708.97443800,1409,147.59820000,585461.81516700,0,2025-10-24 07:25:00+02:00
2025-10-24 05:30:00+00:00,3969.82,3975.25,3964.82,3971.62,400.0043,2025-10-24 07:34:59.999000+02:00,1588182.27843000,1990,169.15860000,671667.37895400,0,2025-10-24 07:30:00+02:00
2025-10-24 05:35:00+00:00,3971.62,3980.44,3971.62,3974.11,380.6078,2025-10-24 07:39:59.999000+02:00,1513365.35440200,2109,198.14110000,787844.40860400,0,2025-10-24 07:35:00+02:00
2025-10-24 05:40:00+00:00,3974.11,3980.0,3971.67,3975.12,2514.9203,2025-10-24 07:44:59.999000+02:00,10006052.95310600,2218,581.00640000,2310475.13791200,0,2025-10-24 07:40:00+02:00
2025-10-24 05:45:00+00:00,3975.21,3990.28,3974.77,3989.84,852.5302,2025-10-24 07:49:59.999000+02:00,3396135.98145700,3918,568.70540000,2265185.41499000,0,2025-10-24 07:45:00+02:00
2025-10-24 05:50:00+00:00,3989.84,3990.15,3978.73,3978.84,359.8863,2025-10-24 07:54:59.999000+02:00,1433835.12600500,2574,116.00110000,462244.66745000,0,2025-10-24 07:50:00+02:00
2025-10-24 05:55:00+00:00,3978.75,3979.22,3973.57,3975.73,299.3858,2025-10-24 07:59:59.999000+02:00,1190461.99041700,1608,106.23910000,422446.83498300,0,2025-10-24 07:55:00+02:00
2025-10-24 06:00:00+00:00,3975.73,3977.55,3968.95,3973.29,591.0003,2025-10-24 08:04:59.999000+02:00,2348354.15767300,2474,212.61600000,845038.01584400,0,2025-10-24 08:00:00+02:00
2025-10-24 06:05:00+00:00,3973.22,3976.31,3967.33,3968.55,512.3012,2025-10-24 08:09:59.999000+02:00,2034705.90135700,2238,198.84520000,789664.41507800,0,2025-10-24 08:05:00+02:00
2025-10-24 06:10:00+00:00,3968.85,3972.78,3964.06,3969.89,403.4922,2025-10-24 08:14:59.999000+02:00,1601506.51444400,1548,189.81730000,753458.18709200,0,2025-10-24 08:10:00+02:00
2025-10-24 06:15:00+00:00,3969.9,3973.19,3965.28,3972.1,502.7407,2025-10-24 08:19:59.999000+02:00,1995251.13222800,1707,140.45900000,557461.33699400,0,2025-10-24 08:15:00+02:00
2025-10-24 06:20:00+00:00,3972.1,3980.16,3971.29,3979.36,207.381,2025-10-24 08:24:59.999000+02:00,824469.19553200,1307,89.65750000,356525.60923400,0,2025-10-24 08:20:00+02:00
2025-10-24 06:25:00+00:00,3979.36,3986.16,3977.26,3986.16,503.5967,2025-10-24 08:29:59.999000+02:00,2004815.61545100,2189,310.38020000,1235610.98632700,0,2025-10-24 08:25:00+02:00
2025-10-24 06:30:00+00:00,3986.16,3986.84,3980.1,3983.01,273.3467,2025-10-24 08:34:59.999000+02:00,1088955.12545900,1826,149.74040000,596524.05599900,0,2025-10-24 08:30:00+02:00
2025-10-24 06:35:00+00:00,3983.01,3983.84,3981.57,3982.24,137.5801,2025-10-24 08:39:59.999000+02:00,547934.29228000,861,60.29220000,240127.54827200,0,2025-10-24 08:35:00+02:00
2025-10-24 06:40:00+00:00,3982.11,3985.4,3981.0,3981.4,283.4479,2025-10-24 08:44:59.999000+02:00,1128908.70314500,1128,136.87960000,545161.35414000,0,2025-10-24 08:40:00+02:00
2025-10-24 06:45:00+00:00,3981.4,3981.61,3978.59,3980.64,172.1635,2025-10-24 08:49:59.999000+02:00,685182.81648100,961,77.76890000,309492.31977300,0,2025-10-24 08:45:00+02:00
2025-10-24 06:50:00+00:00,3980.64,3983.16,3979.49,3982.9,162.9196,2025-10-24 08:54:59.999000+02:00,648744.43770500,826,40.88760000,162815.39944400,0,2025-10-24 08:50:00+02:00
2025-10-24 06:55:00+00:00,3982.99,3989.14,3981.6,3984.12,374.1249,2025-10-24 08:59:59.999000+02:00,1491381.10181100,1204,215.71580000,859972.65893400,0,2025-10-24 08:55:00+02:00
2025-10-24 07:00:00+00:00,3984.02,3985.8,3980.75,3983.16,287.5444,2025-10-24 09:04:59.999000+02:00,1145483.88158800,1228,153.47980000,611474.01047100,0,2025-10-24 09:00:00+02:00
2025-10-24 07:05:00+00:00,3983.17,3985.24,3979.32,3979.89,309.6952,2025-10-24 09:09:59.999000+02:00,1233088.40783500,953,124.54520000,495881.14335800,0,2025-10-24 09:05:00+02:00
2025-10-24 07:10:00+00:00,3979.89,3980.3,3975.36,3975.36,392.3275,2025-10-24 09:14:59.999000+02:00,1560593.63464800,1317,95.97270000,381789.94861400,0,2025-10-24 09:10:00+02:00
2025-10-24 07:15:00+00:00,3975.36,3976.8,3973.34,3974.71,186.1041,2025-10-24 09:19:59.999000+02:00,739820.02292400,1277,51.06490000,202986.43187600,0,2025-10-24 09:15:00+02:00
2025-10-24 07:20:00+00:00,3974.7,3977.58,3972.49,3975.59,148.0142,2025-10-24 09:24:59.999000+02:00,588276.82475500,1151,41.13520000,163479.84088500,0,2025-10-24 09:20:00+02:00
2025-10-24 07:25:00+00:00,3975.59,3975.59,3969.18,3973.8,289.2429,2025-10-24 09:29:59.999000+02:00,1148811.52025600,1564,118.25110000,469588.38631600,0,2025-10-24 09:25:00+02:00
2025-10-24 07:30:00+00:00,3973.85,3975.3,3969.18,3970.85,108.536,2025-10-24 09:34:59.999000+02:00,431255.49892900,1107,56.36980000,224005.30767600,0,2025-10-24 09:30:00+02:00
2025-10-24 07:35:00+00:00,3970.85,3970.9,3956.42,3960.3,1061.6493,2025-10-24 09:39:59.999000+02:00,4207982.02005600,3035,345.18730000,1368207.96787600,0,2025-10-24 09:35:00+02:00
2025-10-24 07:40:00+00:00,3960.29,3961.48,3948.05,3950.26,1233.5204,2025-10-24 09:44:59.999000+02:00,4879733.00750200,2596,732.38810000,2897427.21566800,0,2025-10-24 09:40:00+02:00
2025-10-24 07:45:00+00:00,3950.27,3951.84,3936.31,3941.65,2451.3835,2025-10-24 09:49:59.999000+02:00,9662502.77480200,4982,1316.91010000,5190395.55783700,0,2025-10-24 09:45:00+02:00
2025-10-24 07:50:00+00:00,3941.76,3947.08,3940.14,3944.34,371.6986,2025-10-24 09:54:59.999000+02:00,1465931.97979100,2124,127.93220000,504567.20127500,0,2025-10-24 09:50:00+02:00
2025-10-24 07:55:00+00:00,3944.55,3952.16,3943.99,3950.57,425.2776,2025-10-24 09:59:59.999000+02:00,1679312.78383200,1763,255.01110000,1006880.02841200,0,2025-10-24 09:55:00+02:00
2025-10-24 08:00:00+00:00,3950.56,3952.2,3933.58,3936.75,683.8974,2025-10-24 10:04:59.999000+02:00,2695768.67611900,2575,124.01760000,489341.71794000,0,2025-10-24 10:00:00+02:00
2025-10-24 08:05:00+00:00,3936.79,3944.7,3932.53,3944.7,359.7701,2025-10-24 10:09:59.999000+02:00,1416521.17726100,2104,190.52320000,750285.21533300,0,2025-10-24 10:05:00+02:00
2025-10-24 08:10:00+00:00,3944.88,3949.77,3943.93,3944.12,234.6072,2025-10-24 10:14:59.999000+02:00,925877.10119800,1056,162.95150000,643088.43924000,0,2025-10-24 10:10:00+02:00
2025-10-24 08:15:00+00:00,3944.5,3944.5,3935.1,3941.48,225.412,2025-10-24 10:19:59.999000+02:00,887947.03429300,1565,82.15400000,323674.15735800,0,2025-10-24 10:15:00+02:00
2025-10-24 08:20:00+00:00,3941.55,3944.78,3937.91,3941.7,194.2885,2025-10-24 10:24:59.999000+02:00,765852.75826800,1596,75.05610000,295835.04243800,0,2025-10-24 10:20:00+02:00
2025-10-24 08:25:00+00:00,3941.57,3941.7,3936.2,3937.04,138.6235,2025-10-24 10:29:59.999000+02:00,545933.10062400,1266,56.44640000,222279.41783900,0,2025-10-24 10:25:00+02:00
2025-10-24 08:30:00+00:00,3937.03,3937.03,3931.64,3935.45,292.0266,2025-10-24 10:34:59.999000+02:00,1148722.12520500,1874,81.75010000,321577.08164500,0,2025-10-24 10:30:00+02:00
2025-10-24 08:35:00+00:00,3935.36,3949.44,3935.36,3946.99,544.1624,2025-10-24 10:39:59.999000+02:00,2146732.35578700,2460,347.78460000,1371874.55027000,0,2025-10-24 10:35:00+02:00
2025-10-24 08:40:00+00:00,3946.99,3956.35,3944.79,3955.32,405.908,2025-10-24 10:44:59.999000+02:00,1604427.63732500,2152,289.39930000,1143830.27926800,0,2025-10-24 10:40:00+02:00
2025-10-24 08:45:00+00:00,3955.45,3966.66,3952.36,3956.5,779.0114,2025-10-24 10:49:59.999000+02:00,3085589.37249100,3582,515.04000000,2039886.97635600,0,2025-10-24 10:45:00+02:00
2025-10-24 08:50:00+00:00,3956.51,3958.92,3951.22,3952.3,137.8865,2025-10-24 10:54:59.999000+02:00,545464.82786400,1550,66.10530000,261502.85963500,0,2025-10-24 10:50:00+02:00
2025-10-24 08:55:00+00:00,3952.49,3956.0,3951.71,3954.15,119.5045,2025-10-24 10:59:59.999000+02:00,472493.89822100,1354,78.91670000,312012.36162100,0,2025-10-24 10:55:00+02:00
2025-10-24 09:00:00+00:00,3954.14,3955.23,3951.21,3953.58,92.4437,2025-10-24 11:04:59.999000+02:00,365434.20075100,1473,44.03960000,174075.30770100,0,2025-10-24 11:00:00+02:00
2025-10-24 09:05:00+00:00,3953.58,3967.22,3953.58,3960.26,415.3761,2025-10-24 11:09:59.999000+02:00,1645671.04681600,1719,295.35000000,1170115.41010100,0,2025-10-24 11:05:00+02:00
2025-10-24 09:10:00+00:00,3960.37,3967.18,3958.25,3963.73,454.1545,2025-10-24 11:14:59.999000+02:00,1800129.53911400,963,284.19710000,1126309.59618100,0,2025-10-24 11:10:00+02:00
2025-10-24 09:15:00+00:00,3964.16,3965.91,3959.95,3963.92,145.3564,2025-10-24 11:19:59.999000+02:00,576026.15609700,883,57.97840000,229732.74954000,0,2025-10-24 11:15:00+02:00
2025-10-24 09:20:00+00:00,3963.54,3966.2,3963.05,3965.28,223.902,2025-10-24 11:24:59.999000+02:00,887921.58706800,636,63.89920000,253378.65388300,0,2025-10-24 11:20:00+02:00
2025-10-24 09:25:00+00:00,3965.28,3970.76,3965.28,3968.26,335.033,2025-10-24 11:29:59.999000+02:00,1329655.95281500,1098,232.25130000,921742.63962600,0,2025-10-24 11:25:00+02:00
2025-10-24 09:30:00+00:00,3968.59,3969.11,3958.08,3963.52,140.7094,2025-10-24 11:34:59.999000+02:00,557439.17823100,971,47.82880000,189493.23794600,0,2025-10-24 11:30:00+02:00
2025-10-24 09:35:00+00:00,3963.52,3967.21,3961.37,3962.08,253.672,2025-10-24 11:39:59.999000+02:00,1005260.57792300,803,126.09580000,499625.39549700,0,2025-10-24 11:35:00+02:00
2025-10-24 09:40:00+00:00,3962.15,3964.15,3958.73,3963.72,180.269,2025-10-24 11:44:59.999000+02:00,714182.21426800,708,47.70970000,189004.18749000,0,2025-10-24 11:40:00+02:00
2025-10-24 09:45:00+00:00,3963.72,3965.55,3961.13,3965.31,121.7395,2025-10-24 11:49:59.999000+02:00,482565.79526000,627,69.22970000,274393.32249600,0,2025-10-24 11:45:00+02:00
2025-10-24 09:50:00+00:00,3965.31,3966.08,3956.5,3957.61,136.8283,2025-10-24 11:54:59.999000+02:00,541938.40828100,896,46.89380000,185758.34901600,0,2025-10-24 11:50:00+02:00
2025-10-24 09:55:00+00:00,3957.6,3960.16,3955.84,3960.16,110.3758,2025-10-24 11:59:59.999000+02:00,436734.34406400,408,15.73320000,62266.85114000,0,2025-10-24 11:55:00+02:00
2025-10-24 10:00:00+00:00,3959.97,3959.99,3954.97,3955.68,118.3934,2025-10-24 12:04:59.999000+02:00,468590.69121500,810,13.52880000,53548.84747600,0,2025-10-24 12:00:00+02:00
2025-10-24 10:05:00+00:00,3955.52,3959.68,3953.4,3959.16,151.3163,2025-10-24 12:09:59.999000+02:00,598632.47352900,815,51.77370000,204840.91554200,0,2025-10-24 12:05:00+02:00
2025-10-24 10:10:00+00:00,3958.98,3966.07,3958.2,3966.07,108.1541,2025-10-24 12:14:59.999000+02:00,428484.14229700,764,48.62890000,192624.40349900,0,2025-10-24 12:10:00+02:00
2025-10-24 10:15:00+00:00,3966.08,3966.55,3957.67,3957.67,169.2327,2025-10-24 12:19:59.999000+02:00,670495.37842000,951,53.66300000,212605.40077500,0,2025-10-24 12:15:00+02:00
2025-10-24 10:20:00+00:00,3957.6,3959.16,3949.37,3950.41,233.9197,2025-10-24 12:24:59.999000+02:00,924744.11614100,1130,85.14510000,336575.11801500,0,2025-10-24 12:20:00+02:00
2025-10-24 10:25:00+00:00,3950.41,3952.63,3949.55,3950.56,99.8844,2025-10-24 12:29:59.999000+02:00,394640.01772100,627,43.86800000,173317.39881800,0,2025-10-24 12:25:00+02:00
2025-10-24 10:30:00+00:00,3950.55,3958.66,3950.55,3956.49,308.9432,2025-10-24 12:34:59.999000+02:00,1221245.73013900,947,200.14060000,791084.69720100,0,2025-10-24 12:30:00+02:00
2025-10-24 10:35:00+00:00,3956.48,3957.4,3952.48,3953.76,169.6959,2025-10-24 12:39:59.999000+02:00,670983.76924000,595,117.24680000,463557.32707400,0,2025-10-24 12:35:00+02:00
2025-10-24 10:40:00+00:00,3953.7,3957.31,3950.91,3956.73,241.2434,2025-10-24 12:44:59.999000+02:00,953707.80254400,844,188.70940000,745975.81016200,0,2025-10-24 12:40:00+02:00
2025-10-24 10:45:00+00:00,3956.72,3960.33,3956.44,3958.51,192.6894,2025-10-24 12:49:59.999000+02:00,762710.96141500,668,124.62340000,493271.28780200,0,2025-10-24 12:45:00+02:00
2025-10-24 10:50:00+00:00,3958.4,3960.32,3954.67,3958.03,162.1719,2025-10-24 12:54:59.999000+02:00,641798.07456000,708,78.06550000,308889.19286500,0,2025-10-24 12:50:00+02:00
2025-10-24 10:55:00+00:00,3958.19,3960.0,3956.96,3958.08,39.3312,2025-10-24 12:59:59.999000+02:00,155709.85703000,331,26.14530000,103498.60555000,0,2025-10-24 12:55:00+02:00
2025-10-24 11:00:00+00:00,3958.08,3960.29,3953.79,3960.27,144.5203,2025-10-24 13:04:59.999000+02:00,571941.52836200,1069,84.05990000,332658.01704900,0,2025-10-24 13:00:00+02:00
2025-10-24 11:05:00+00:00,3960.27,3961.48,3956.59,3959.49,53.0622,2025-10-24 13:09:59.999000+02:00,210119.91951100,712,21.69550000,85908.62446200,0,2025-10-24 13:05:00+02:00
2025-10-24 11:10:00+00:00,3959.49,3964.98,3959.48,3963.38,183.169,2025-10-24 13:14:59.999000+02:00,725978.41664900,937,98.67310000,391060.47728400,0,2025-10-24 13:10:00+02:00
2025-10-24 11:15:00+00:00,3963.38,3965.63,3960.45,3961.91,140.5569,2025-10-24 13:19:59.999000+02:00,557049.54990800,731,86.33340000,342148.04379900,0,2025-10-24 13:15:00+02:00
2025-10-24 11:20:00+00:00,3962.0,3962.0,3954.74,3955.91,111.7616,2025-10-24 13:24:59.999000+02:00,442268.02596000,980,54.01430000,213742.54582900,0,2025-10-24 13:20:00+02:00
2025-10-24 11:25:00+00:00,3955.9,3957.41,3954.83,3956.68,45.4371,2025-10-24 13:29:59.999000+02:00,179744.13534700,515,14.86510000,58803.39319000,0,2025-10-24 13:25:00+02:00
2025-10-24 11:30:00+00:00,3956.68,3956.68,3925.87,3942.24,1334.2711,2025-10-24 13:34:59.999000+02:00,5258211.91546100,3871,431.61600000,1701240.12416700,0,2025-10-24 13:30:00+02:00
2025-10-24 11:35:00+00:00,3942.25,3949.07,3938.55,3944.46,551.2905,2025-10-24 13:39:59.999000+02:00,2174835.25247300,1377,263.80190000,1040829.46033200,0,2025-10-24 13:35:00+02:00
2025-10-24 11:40:00+00:00,3944.4,3950.6,3944.4,3948.11,120.9174,2025-10-24 13:44:59.999000+02:00,477416.75698100,878,67.45820000,266372.97754300,0,2025-10-24 13:40:00+02:00
2025-10-24 11:45:00+00:00,3948.11,3948.6,3941.47,3943.93,188.2487,2025-10-24 13:49:59.999000+02:00,742650.03599300,1215,86.80150000,342405.53265600,0,2025-10-24 13:45:00+02:00
2025-10-24 11:50:00+00:00,3943.93,3951.82,3942.36,3949.91,377.9882,2025-10-24 13:54:59.999000+02:00,1492382.30644700,1058,201.56690000,795894.24906700,0,2025-10-24 13:50:00+02:00
2025-10-24 11:55:00+00:00,3949.56,3950.67,3941.81,3947.97,260.7549,2025-10-24 13:59:59.999000+02:00,1029134.05693700,1042,114.34760000,451266.61781100,0,2025-10-24 13:55:00+02:00
2025-10-24 12:00:00+00:00,3948.01,3955.4,3947.72,3953.69,296.8201,2025-10-24 14:04:59.999000+02:00,1173165.11286200,1172,225.46190000,891124.96120600,0,2025-10-24 14:00:00+02:00
2025-10-24 12:05:00+00:00,3953.83,3957.74,3952.78,3955.52,202.3896,2025-10-24 14:09:59.999000+02:00,800706.94549400,1090,78.98180000,312476.61547500,0,2025-10-24 14:05:00+02:00
2025-10-24 12:10:00+00:00,3955.7,3959.01,3954.98,3955.77,110.8087,2025-10-24 14:14:59.999000+02:00,438491.54294200,859,65.80290000,260416.82529500,0,2025-10-24 14:10:00+02:00
2025-10-24 12:15:00+00:00,3955.66,3955.66,3945.17,3945.18,316.5917,2025-10-24 14:19:59.999000+02:00,1251032.59631300,1210,88.94790000,351417.80394200,0,2025-10-24 14:15:00+02:00
2025-10-24 12:20:00+00:00,3945.17,3951.93,3942.52,3950.96,218.5423,2025-10-24 14:24:59.999000+02:00,862831.04101900,1064,136.99670000,540987.99516100,0,2025-10-24 14:20:00+02:00
2025-10-24 12:25:00+00:00,3950.95,3960.55,3942.5,3956.21,888.5801,2025-10-24 14:29:59.999000+02:00,3512776.05826500,2205,481.53780000,1903674.13038900,0,2025-10-24 14:25:00+02:00
2025-10-24 12:30:00+00:00,3956.69,4027.87,3951.85,3987.3,8967.0769,2025-10-24 14:34:59.999000+02:00,35833162.50154700,23778,4319.48170000,17255869.60985300,0,2025-10-24 14:30:00+02:00
2025-10-24 12:35:00+00:00,3987.28,3990.74,3970.03,3976.81,1959.3181,2025-10-24 14:39:59.999000+02:00,7798711.28702800,5151,927.34160000,3691016.27529800,0,2025-10-24 14:35:00+02:00
2025-10-24 12:40:00+00:00,3977.24,3983.65,3969.42,3978.2,1183.0286,2025-10-24 14:44:59.999000+02:00,4703785.53589500,2446,792.29740000,3150777.36956300,0,2025-10-24 14:40:00+02:00
2025-10-24 12:45:00+00:00,3978.18,3978.89,3960.14,3970.01,1378.2267,2025-10-24 14:49:59.999000+02:00,5469251.50485600,3343,720.62120000,2859346.33305100,0,2025-10-24 14:45:00+02:00
2025-10-24 12:50:00+00:00,3969.94,3977.05,3965.78,3967.21,647.6655,2025-10-24 14:54:59.999000+02:00,2572206.07568400,1601,321.71160000,1277715.28012400,0,2025-10-24 14:50:00+02:00
2025-10-24 12:55:00+00:00,3967.21,3969.67,3954.43,3965.26,995.3205,2025-10-24 14:59:59.999000+02:00,3944761.69653900,2557,364.27060000,1443798.23348400,0,2025-10-24 14:55:00+02:00
2025-10-24 13:00:00+00:00,3965.26,3970.95,3956.73,3970.95,434.4782,2025-10-24 15:04:59.999000+02:00,1722292.75608300,1824,191.23340000,758215.67600900,0,2025-10-24 15:00:00+02:00
2025-10-24 13:05:00+00:00,3970.94,3972.12,3961.67,3971.94,464.5111,2025-10-24 15:09:59.999000+02:00,1843727.55692800,1603,231.05900000,917047.87679700,0,2025-10-24 15:05:00+02:00
2025-10-24 13:10:00+00:00,3971.95,3972.47,3963.9,3965.0,1095.3113,2025-10-24 15:14:59.999000+02:00,4349758.57798000,1340,113.70550000,451195.43017600,0,2025-10-24 15:10:00+02:00
2025-10-24 13:15:00+00:00,3964.97,3973.85,3962.93,3973.08,553.4717,2025-10-24 15:19:59.999000+02:00,2197666.80982100,1545,381.63380000,1515297.00951700,0,2025-10-24 15:15:00+02:00
2025-10-24 13:20:00+00:00,3973.53,3980.11,3972.2,3974.63,427.4342,2025-10-24 15:24:59.999000+02:00,1699444.82088000,1615,299.70680000,1191568.02844000,0,2025-10-24 15:20:00+02:00
2025-10-24 13:25:00+00:00,3974.62,3974.62,3967.51,3967.99,240.474,2025-10-24 15:29:59.999000+02:00,954807.11478600,1198,89.88570000,356839.64374600,0,2025-10-24 15:25:00+02:00
2025-10-24 13:30:00+00:00,3967.98,3972.57,3962.44,3970.59,2007.157,2025-10-24 15:34:59.999000+02:00,7958112.40851200,3240,1167.19540000,4626376.58178200,0,2025-10-24 15:30:00+02:00
2025-10-24 13:35:00+00:00,3970.57,3972.54,3944.0,3946.98,1558.1387,2025-10-24 15:39:59.999000+02:00,6164135.28336300,4367,602.55960000,2383965.10549800,0,2025-10-24 15:35:00+02:00
2025-10-24 13:40:00+00:00,3947.28,3958.99,3934.28,3937.58,1788.3087,2025-10-24 15:44:59.999000+02:00,7058401.37303700,4289,765.17060000,3020829.18718000,0,2025-10-24 15:40:00+02:00
2025-10-24 13:45:00+00:00,3937.18,3941.86,3920.0,3929.17,3056.5989,2025-10-24 15:49:59.999000+02:00,12012502.54634000,6216,1035.86820000,4073269.06975100,0,2025-10-24 15:45:00+02:00
2025-10-24 13:50:00+00:00,3929.16,3945.18,3920.57,3943.15,1197.6096,2025-10-24 15:54:59.999000+02:00,4712808.47230300,3596,771.98600000,3038976.24233600,0,2025-10-24 15:50:00+02:00
2025-10-24 13:55:00+00:00,3943.61,3949.14,3939.01,3948.1,930.81,2025-10-24 15:59:59.999000+02:00,3671534.72976800,2270,627.95380000,2477436.84940200,0,2025-10-24 15:55:00+02:00
2025-10-24 14:00:00+00:00,3948.03,3948.31,3922.5,3928.41,1028.1476,2025-10-24 16:04:59.999000+02:00,4047515.41198900,2958,397.07940000,1563362.69708600,0,2025-10-24 16:00:00+02:00
2025-10-24 14:05:00+00:00,3929.08,3936.75,3915.51,3925.74,1066.5911,2025-10-24 16:09:59.999000+02:00,4187480.21299600,2935,458.31270000,1799807.35134800,0,2025-10-24 16:05:00+02:00
2025-10-24 14:10:00+00:00,3925.81,3940.46,3925.75,3938.08,683.6002,2025-10-24 16:14:59.999000+02:00,2687549.66053800,2106,503.41220000,1979154.46721500,0,2025-10-24 16:10:00+02:00
2025-10-24 14:15:00+00:00,3938.07,3938.97,3918.74,3924.7,610.4443,2025-10-24 16:19:59.999000+02:00,2396384.96628800,2436,178.85110000,702539.12936500,0,2025-10-24 16:15:00+02:00
2025-10-24 14:20:00+00:00,3924.88,3928.6,3911.41,3918.24,918.5008,2025-10-24 16:24:59.999000+02:00,3599494.30157300,3394,372.79170000,1460961.10350700,0,2025-10-24 16:20:00+02:00
2025-10-24 14:25:00+00:00,3918.54,3918.54,3896.21,3905.98,2024.8933,2025-10-24 16:29:59.999000+02:00,7906836.13795900,5747,910.13490000,3554114.73906900,0,2025-10-24 16:25:00+02:00
2025-10-24 14:30:00+00:00,3905.93,3913.78,3897.7,3912.87,1411.6446,2025-10-24 16:34:59.999000+02:00,5517930.23518900,3118,931.64220000,3641772.16808700,0,2025-10-24 16:30:00+02:00
2025-10-24 14:35:00+00:00,3913.28,3913.28,3896.62,3910.25,843.9946,2025-10-24 16:39:59.999000+02:00,3295071.06849300,2649,406.33650000,1586025.17414800,0,2025-10-24 16:35:00+02:00
2025-10-24 14:40:00+00:00,3909.99,3916.38,3904.68,3914.39,496.0767,2025-10-24 16:44:59.999000+02:00,1940701.56467900,1933,270.74660000,1059376.68148400,0,2025-10-24 16:40:00+02:00
2025-10-24 14:45:00+00:00,3914.39,3915.51,3903.12,3905.97,651.2088,2025-10-24 16:49:59.999000+02:00,2545243.42106000,2292,244.36830000,954790.22120700,0,2025-10-24 16:45:00+02:00
2025-10-24 14:50:00+00:00,3906.2,3908.06,3891.32,3900.01,1019.3149,2025-10-24 16:54:59.999000+02:00,3973356.41350200,3500,499.14480000,1945820.72683800,0,2025-10-24 16:50:00+02:00
2025-10-24 14:55:00+00:00,3900.01,3907.8,3897.25,3903.75,873.7411,2025-10-24 16:59:59.999000+02:00,3410070.96587100,2580,507.03120000,1978706.87293000,0,2025-10-24 16:55:00+02:00
2025-10-24 15:00:00+00:00,3903.88,3909.98,3902.35,3906.84,636.5774,2025-10-24 17:04:59.999000+02:00,2487099.60104700,1950,326.91120000,1277386.73747700,0,2025-10-24 17:00:00+02:00
2025-10-24 15:05:00+00:00,3906.82,3911.4,3900.5,3908.98,328.4799,2025-10-24 17:09:59.999000+02:00,1283350.82866800,1392,189.59640000,740604.74828700,0,2025-10-24 17:05:00+02:00
2025-10-24 15:10:00+00:00,3908.97,3925.08,3908.5,3916.78,996.9416,2025-10-24 17:14:59.999000+02:00,3905849.98757100,2676,599.24070000,2347884.05306200,0,2025-10-24 17:10:00+02:00
2025-10-24 15:15:00+00:00,3916.86,3922.39,3910.81,3921.76,524.8275,2025-10-24 17:19:59.999000+02:00,2055487.37807300,1454,341.72560000,1338581.24051200,0,2025-10-24 17:15:00+02:00
2025-10-24 15:20:00+00:00,3921.84,3931.65,3911.67,3918.05,889.266,2025-10-24 17:24:59.999000+02:00,3488383.56176600,2313,433.66390000,1701920.34626600,0,2025-10-24 17:20:00+02:00
2025-10-24 15:25:00+00:00,3918.12,3921.96,3912.59,3918.57,705.3822,2025-10-24 17:29:59.999000+02:00,2763516.19420200,1802,303.89380000,1190751.04017400,0,2025-10-24 17:25:00+02:00
2025-10-24 15:30:00+00:00,3918.88,3920.72,3910.23,3911.64,393.373,2025-10-24 17:34:59.999000+02:00,1539928.33515100,1575,119.81320000,469010.02798600,0,2025-10-24 17:30:00+02:00
2025-10-24 15:35:00+00:00,3911.55,3915.51,3906.47,3913.68,472.5811,2025-10-24 17:39:59.999000+02:00,1848104.14621900,1532,172.34750000,674142.68691500,0,2025-10-24 17:35:00+02:00
2025-10-24 15:40:00+00:00,3913.56,3913.56,3903.07,3905.2,265.2581,2025-10-24 17:44:59.999000+02:00,1036049.79931800,1561,103.20510000,403118.71642700,0,2025-10-24 17:40:00+02:00
2025-10-24 15:45:00+00:00,3905.19,3905.19,3883.57,3893.27,1508.7593,2025-10-24 17:49:59.999000+02:00,5870271.66976700,4552,614.31510000,2389999.49818300,0,2025-10-24 17:45:00+02:00
2025-10-24 15:50:00+00:00,3893.28,3898.91,3890.88,3892.37,392.0879,2025-10-24 17:54:59.999000+02:00,1527611.56419900,1734,182.98440000,712924.91883800,0,2025-10-24 17:50:00+02:00
2025-10-24 15:55:00+00:00,3892.26,3893.77,3871.33,3890.16,1634.8401,2025-10-24 17:59:59.999000+02:00,6350390.48271300,4232,631.69540000,2453531.08785700,0,2025-10-24 17:55:00+02:00
2025-10-24 16:00:00+00:00,3890.2,3891.12,3886.47,3886.72,134.5349,2025-10-24 18:04:59.999000+02:00,523225.12003800,479,65.20650000,253628.56312000,0,2025-10-24 18:00:00+02:00
